"id","parent","cod","descrizione","coddesc"
"1",,"001","REGIONE MARCHE","R_MARCHE"
"2","1","001.001","*PRESIDENZA","PRES"
"3","1","001.002","*GABINETTO DEL PRESIDENTE DELLA GIUNTA REGIONALE","GPROLD"
"4","1","001.003","ASSESSORATO ISTRUZIONE","SAA"
"5","1","001.004","ASSESSORATO SERVIZI SOCIALI, IMMIGRAZIONE, BENI AMBIENTALI, TUTELA AMBIENTALE, GEST. RIFIUTI, PARCHI E RISORSE IDRICHE","SASAM"
"6","1","001.005","Assessorato Industria, Artigianato, ricerca scientifica e tecnologica, innovazione, cave, miniere e pesca","SAIA"
"7","2","001.001.001","*DIPARTIMENTO AFFARI ISTITUZIONALI E GENERALI","DP1"
"8","2","001.001.002","*DIPARTIMENTO PROGRAMMAZIONE E BILANCIO","DP2"
"9","2","001.001.003","*DIPARTIMENTO SVILUPPO ECONOMICO","DP3"
"10","2","001.001.004","*DIPARTIMENTO TERRITORIO AMBIENTE","DP4"
"11","2","001.001.005","*DIPARTIMENTO ALLA PERSONA E ALLA COMUNITA'","DP5"
"12","2","001.001.006","*SALA OPERATIVA UNIFICATA PERMANENTE - PROTEZIONE CIVILE OLD","SOUP"
"13","3","001.002.001","*P.F. DELEGAZIONE DI ROMA","GDR"
"14","3","001.002.002","*P.F. AFFARI GENERALI DELLA PRESIDENZA","GAG"
"15","3","001.002.003","*P.F. DELEGAZIONE DI BRUXELLES","GDB"
"16","3","001.002.004","*SERVIZIO RELAZIONI INTERNAZIONALI E CON L'UE","GRI"
"17","3","001.002.005","*CONFERENZA STATO - REGIONI","GSR"
"18","7","001.001.001.001","*SERVIZIO INFORMATICA","SIF"
"19","7","001.001.001.002","*P.F. RAPP. CON IL PUBBLICO E ATTIVITA DI REL. PUBBLICHE","1RP"
"20","7","001.001.001.003","*P.F. ASS. LEGALE SULLE CONTROVERSIE INERENTI LA RICOSTRUZIONE","1AR"
"21","7","001.001.001.004","*P.F. GEST. E CONTROLLO FONDI PER LA RICOSTRUZIONE POST-TERREMOTO","1FR"
"22","7","001.001.001.005","*P.F. CONSULENZA ENTI LOCALI","1CE"
"23","7","001.001.001.006","*P.F. ASS. ORGANO CONTROLLO E DIFENSORE CIVICO","1CD"
"24","7","001.001.001.007","*P.P. RIORDINO NORMATIVO","1RN"
"25","7","001.001.001.008","*P.P. RIORDINO ENTI DIPENDENTI E ORGANISMI COLLEGIALI","1RE"
"26","7","001.001.001.009","*P.P. DECENTRAMENTO E COMUNITA MONTANE","1DT"
"27","7","001.001.001.010","*P.P. RIORDINO TERRITORIALE","1RT"
"28","7","001.001.001.011","*P.F. ASS. E CONS. PREVENTIVA IN MATERIA CONTRATTUALE","1AC"
"29","7","001.001.001.012","*P.F. ATTIVITA' DI PREVISIONE E PREVENZIONE","1PP"
"30","7","001.001.001.013","*P.F. GESTIONE DELLE EMERGENZE","1GE"
"31","7","001.001.001.014","*P.F. ARCHIVIO E GEST. FLUSSI DOCUMENTALI","1AD"
"32","7","001.001.001.015","*SERVIZIO AVVOCATURA DELLA REGIONE","AVV"
"33","7","001.001.001.016","*SCUOLA DI FORMAZIONE DEL PERSONALE REGIONALE","SFP"
"34","7","001.001.001.017","*SERVIZIO SEGRETERIA DELLA GIUNTA","SEG"
"35","7","001.001.001.018","*CENTRO OPERATIVO PROGRAMMI DI RECUPERO E BENI CULTURALI","CPR"
"36","7","001.001.001.019","*SERVIZIO LEGISLATIVO ED AFFARI ISTITUZIONALI","LGS"
"37","7","001.001.001.020","*SERVIZIO ENTI LOCALI ED ENTI DIPENDENTI DALLA REGIONE","ELD"
"38","7","001.001.001.021","*SERVIZIO STAMPA E PUBBLICHE RELAZIONI","SPR"
"39","7","001.001.001.022","*SERVIZIO PROVVEDITORATO ECONOMATO E CONTRATTI","PCE"
"40","7","001.001.001.023","*SERVIZIO PROTEZIONE CIVILE E SICUREZZA LOCALE","SPS"
"41","7","001.001.001.024","*CENTRO OPERATIVO DI MUCCIA E FABRIANO","CMF"
"42","7","001.001.001.025","*UFFICIO COORDINAMENTO SISMA","DIUCR"
"43","7","001.001.001.026","*DECENTRAMENTO E COMUNITÀ MONTANE","1CM"
"44","8","001.001.002.001","*SERVIZIO PERSONALE REGIONALE E DEGLI ENTI DIPENDENTI","PER"
"45","8","001.001.002.002","*SERVIZIO PROGRAMMAZIONE","PRO"
"46","8","001.001.002.003","*SERVIZIO ORGANIZZAZIONE","SOR"
"47","8","001.001.002.004","*P.F. ATTUAZIONE DELLE POLITICHE COMUNITARIE","2PC"
"48","8","001.001.002.005","*SERVIZIO BILANCIO DEMANIO PATRIMONIO TRIBUTI","BIL"
"49","8","001.001.002.006","*SERVIZIO POLITICHE COMUNITARIE","PCO"
"50","8","001.001.002.007","*SERVIZIO RAGIONERIA GENERALE","RGG"
"51","8","001.001.002.008","*SERVIZIO CONTROLLO DI GESTIONE","CNG"
"52","8","001.001.002.009","*SERVIZIO SISTEMA INFORMATIVO STATISTICO","SSI"
"53","8","001.001.002.010","*P.F. PIANIFICAZIONE TERRITORIALE","2PT"
"54","8","001.001.002.011","*P.F. VERIFICA DELL'EFFICACIA DEI SISTEMI DI GESTIONE E CONTROLLO DEI FONDI COMUNITARI","2FC"
"55","8","001.001.002.012","*P.F. ACCERTAMENTO ENTRATE E PATTO DI STABILITA'","2AE"
"56","8","001.001.002.013","*P.P. TUTELA E VALORIZZAZIONE DELLE PARI OPPORTUNITA'","2PO"
"57","8","001.001.002.014","*P.F. VALUTAZIONE PROGETTI E FINANZA DI PROGETTO","2VP"
"58","8","001.001.002.015","*P.F. CONTROLLO DELLA SPESA SANITARIA","2SS"
"59","8","001.001.002.016","*P.P. ORGANISMO PAGATORE REGIONALE","2OP"
"60","8","001.001.002.017","*COOPERAZIONE TERRITORIALE E ALLO SVILUPPO","2CS"
"61","9","001.001.003.001","*SERVIZIO ATTIVITA' ITTICHE,COMMERCIO E TUTELA DEI CONSUMATORI,CACCIA E PESCA SPORTIVA","CCP"
"62","9","001.001.003.002","*SERVIZIO TURISMO E ATTIVITA' RICETTIVE","TUR"
"63","9","001.001.003.003","*SERVIZIO SISTEMA AGROALIMENTARE, AMBIENTE RURALE, FORESTE","ARF"
"64","9","001.001.003.004","*SERVIZIO SVILUPPO E GESTIONE DELLE ATTIVITA' AGRICOLE E RURALI","SAR"
"65","9","001.001.003.005","*SERVIZIO INDUSTRIA ARTIGIANATO ENERGIA","IAE"
"66","9","001.001.003.006","*SERVIZIO FORMAZIONE PROFESSIONALE E PROBLEMI DEL LAVORO","FPR"
"67","9","001.001.003.007","*SERVIZIO ISTRUZIONE E DIRITTO ALLO STUDIO","IDS"
"68","9","001.001.003.008","*SERVIZIO TECNICO ALLA CULTURA","STC"
"69","9","001.001.003.009","*STRUTTURA DECENTRATA AGRICOLTURA ASCOLI PICENO","3DAAP"
"70","9","001.001.003.010","*P.F. COORDINAMENTO PIANO AGRICOLO REGIONALE","3PA"
"71","9","001.001.003.011","*P.F. QUALIFICAZIONE DELLE STRUTTURE RICETTIVE E DELL'IMPIANTISTICA SPORTIVA","3SR"
"72","9","001.001.003.012","*P.F. SERVIZI ALLE IMPRESE","3SI"
"73","9","001.001.003.013","*P.F. SPORTELLO REGIONALE PER L'INTERNAZIONALIZZAZIONE, EVENTI E PROGETTI BASE","3IP"
"74","9","001.001.003.014","*P.P. PROGETTI DI ATTIVITA' DIDATTICA, PROMOZIONE E FORMAZIONE PERMANENTE IN AMBITO CULTURALE","3AC"
"75","9","001.001.003.015","*P.P. ARTI ESPRESSIVE E TRADIZIONI LOCALI DELLE MARCHE","3AT"
"76","9","001.001.003.016","*P.F. VALORIZZAZIONE DEL TERRITORIO E DELLE PRODUZIONI ","3VP"
"77","9","001.001.003.017","*P.P. QUALITA' E SICUREZZA DEI PRODOTTI ALIMENTARI","3QA"
"78","9","001.001.003.018","*SERVIZIO BENI E ATTIVITA' CULTURALI","BCA"
"79","9","001.001.003.019","*P.F. TRACCIABILITA' E RINTRACCIABILITA' DELLE PRODUZIONI ZOOTECNICHE","3PZ"
"80","9","001.001.003.020","*P.F. ATTUAZIONE ASSISTENZA TECNICA I.C. LEADER PLUS","3LP"
"81","9","001.001.003.021","*P.F. CREDITO, INNOVAZIONE E RICAMBIO GENERAZIONALE","3RG"
"82","9","001.001.003.022","*P.F. COOPERAZIONE NEI SETTORI PRODUTTIVI","3CO"
"83","9","001.001.003.023","*STRUTTURA DECENTRATA AGRICOLTURA ANCONA","3DAAN"
"84","9","001.001.003.024","*STRUTTURA DECENTRATA AGRICOLTURA MACERATA","3DAMC"
"85","9","001.001.003.025","*COMMISSIONE REGIONALE ARTIGIANATO","3CRA"
"86","9","001.001.003.026","*COMMISSIONE PROVINCIALE PER L'ARTIGIANATO","CPAMC"
"87","9","001.001.003.027","*STRUTTURA DECENTRATA AGRICOLTURA PROVINCIA DI PESARO URBINO","3DAPU"
"88","9","001.001.003.028","*SERVIZIO COMMERCIO ESTERO, PROMOZIONE DELLE PRODUZIONI E DEL TERRITORIO MARCHIGIANO E INTERNAZIONALIZZAZIONE","CEP"
"89","9","001.001.003.029","*P.F. ASSISTENZA AMMINISTRATIVA AL DECENTRAMENTO, ALLA SEMPLIFICAZIONE DELLE PROCEDURE, AGLI USI CIVICI E SVILUPPO DELLA MONTAGNA","3DM"
"90","9","001.001.003.030","*SERVIZIO CULTURA","CUL"
"91","10","001.001.004.001","*P.F. OSSERVATORIO OO.PP.","4OP"
"92","10","001.001.004.002","*SEGRETERIA TECNICA DELL'AUTORITA' DI BACINO","SAB"
"93","10","001.001.004.003","*SERVIZIO PROGETTAZIONE OO.PP. V.I.A.GESTIONE INTEGRATA AREE COSTIERE","POP"
"94","10","001.001.004.004","*SERVIZIO LAVORI PUBBLICI  E URBANISTICA","SLP"
"95","10","001.001.004.005","*SERVIZIO EDILIZIA PUBBLICA","SEP"
"96","10","001.001.004.006","*SERVIZIO TUTELA AMBIENTE","TAM"
"97","10","001.001.004.007","*SERVIZIO AREE NATURALI PROTETTE E CICLO DEI RIFIUTI","APR"
"98","10","001.001.004.008","*P.P. BIODIVERSITA' E RETE ECOLOGICA REGIONALE","4BE"
"99","10","001.001.004.009","*P.F. AUTORITA' AMBIENTALE REGIONALE","4AA"
"100","10","001.001.004.010","*P.F. RISORSE IDRICHE E PIANIFICAZIONE DEI PORTI","4IP"
"101","10","001.001.004.011","*P.F. TRASPORTO PUBBLICO LOCALE SU GOMMA","4TP"
"102","10","001.001.004.012","*SERVIZIO MOBILITA' TRASPORTI ED INFRASTRUTTURE","MTI"
"103","10","001.001.004.013","*P.P. INDIVIDUAZIONE DEL PARAMETRO ""ESPOSIZIONE""IN AREE SOGGETTE A PERICOLOSITA' PER DISSESTO IDROGEOLOGICO","4DI"
"104","10","001.001.004.014","*P.F. RISCHIO IDRAULICO E ATTIVITA' ESTRATTIVE","4II"
"105","10","001.001.004.015","*P.P. STUDIO IDRAULICO DEI CORSI D'ACQUA PRINCIPALI E VALUTAZIONE DEL RISCHIO AD ESSI CONNESSO - SETTORE GEOLOGICO","4IG"
"106","10","001.001.004.016","*P.P. RIQUALIFICAZIONE URBANA, TECNOLOGIE INNOVATIVE PER ABITARE","4RU"
"107","10","001.001.004.017","*P.F. INFORMAZIONI TERRITORIALI","4IT"
"108","10","001.001.004.018","*P.F. ASSISTENZA TECNICA ALLE STRUTTURE DIPARTIMENTO","4AD"
"109","10","001.001.004.019","*P.P. OSSERVATORIO REGIONALE CONDIZIONE ABITATIVA ANAGRAFE REGIONALE","4ES"
"110","10","001.001.004.020","*P.F. OSSERVATORIO OO.PP.","4OS"
"111","10","001.001.004.021","*P.P. DIFESA AMBIENTALE DEL MARE ADRIATICO E COMUNICAZIONI","4DA"
"112","11","001.001.005.001","*SERVIZIO POLITICHE SOCIALI ED INTEGRAZIONE SOCIO SANITARIA","SOS"
"113","11","001.001.005.002","*SERVIZIO ASSISTENZA TERRITORIALE ED INTEGRAZIONE SOCIO-SANITARIA","ASS"
"114","11","001.001.005.003","*SERVIZIO SANITA PUBBLICA","SAP"
"115","11","001.001.005.004","*SERVIZIO VETERINARIA IGIENE SICUREZZA QUALITA NUTRIZIONALE ALIMENTI","VIA"
"116","11","001.001.005.005","*P.F. RISORSE UMANE COMPARTO SANITA","5RU"
"117","11","001.001.005.006","*SERVIZIO POLITICHE PER LA SALUTE","POS"
"118","11","001.001.005.007","*P.F. SUPPORTO AMMINISTRATIVO AI SERVIZI PER PROGETTI SPECIALI SANITA'","5PS"
"119","11","001.001.005.008","*SERVIZIO ASSISTENZA OSPEDALIERA","AOS"
"120","11","001.001.005.009","*P.F. ATTIVITA' ISPETTIVA SOCIALE E SANITARIA","5AI"
"121","11","001.001.005.010","*P.F. AFFARI GENERALI  E PROGETTI SPECIALI NELLE POLITICHE SOCIALI","5AS"
"122","11","001.001.005.011","*SERVIZIO RISORSE UMANE E FINANZIARIE","RUF"
"123","11","001.001.005.012","*SERVIZIO ISPEZIONE CONTROLLO E VIGILANZA","ICV"
"124","38","001.001.001.021.001","*SPORTELLO INFORMADONNA","SIDO"
"125","38","001.001.001.021.002","*SPORTELLO INFORMATIVO ANCONA","SIAN"
"126","38","001.001.001.021.003","*SPORTELLO INFORMATIVO ASCOLI PICENO","SIAP"
"127","38","001.001.001.021.004","*SPORTELLO INFORMATIVO MACERATA","SIMA"
"128","38","001.001.001.021.005","*SPORTELLO INFORMATIVO PESARO E URBINO","SIPU"
"129","38","001.001.001.021.006","*SPORTELLO INFORMATIVO MACERATA","SIMC"
"130","40","001.001.001.023.001","*P.F. GESTIONE DELLE EMERGENZE","SPS_GE"
"131","40","001.001.001.023.002","*P.F. PREVISIONE E PREVENZIONE","SPS_PP"
"132","1","001.006","GIUNTA REGIONALE","GR"
"133","475","001.006.002.040.040","GABINETTO DEL PRESIDENTE","GPR"
"134","475","001.006.002.040.041","P.F.  AFFARI GENERALI","AGC_GPR"
"135","475","001.006.002.040.042","*P.F. ATTUAZIONE DEL PROGRAMMA DI GOVERNO","*ATG_GPR"
"136","475","001.006.002.040.043","*P.F. RELAZIONI INTERNAZIONALI E COMUNITARIE, COOPERAZIONE TERRITORIALE E DELEGAZIONE DI BRUXELLES","*RIC_GPR"
"137","461","001.006.002.035.002","SETTORE CONTROLLO DI GESTIONE E SISTEMI STATISTICI","CGSS"
"138","475","001.006.002.040.044","*P.F. ATTIVITA' GENERALI DI PROTEZIONE CIVILE","*AGP_GPR"
"139","475","001.006.002.040.045","*P.F. LOGISTICA E CONTRASTO DEGLI INCENDI BOSCHIVI","*LCI_GPR"
"140","132","001.006.002","SEGRETERIA GENERALE","SGM"
"141","140","001.006.002.001","DIPARTIMENTO AVVOCATURA REGIONALE E ATTIVITÀ LEGISLATIVA","ARL"
"142","141","001.006.002.001.001","P.F. COORDINAMENTO DELL'AVVOCATURA REGIONALE ","CAR"
"143","141","001.006.002.001.002","POSIZIONE DI STAFF SUPPORTO ALL’AVVOCATURA REGIONALE 1","ARA"
"144","141","001.006.002.001.003","POSIZIONE DI STAFF SUPPORTO ALL’AVVOCATURA REGIONALE 2","ARB"
"145","141","001.006.002.001.004","SETTORE ATTIVITÀ LEGISLATIVA E CONSULENZA GIURIDICA","ALCG"
"146","141","001.006.002.001.005","P.F. SEGRETERIA DELLA GIUNTA","SDG_01"
"147","141","001.006.002.001.006","P.F. RIORDINO TERRITORIALE E COMUNITA' MONTANE","DRC_01"
"148","140","001.006.002.032","SETTORE AUDIT E CONTROLLI DI SECONDO LIVELLO","ACSL"
"149","328","001.006.002.035.006.002.005","P.F. OSSERVATORIO REGIONALE DEI CONTRATTI PUBBLICI","VPE"
"150","141","001.006.002.001.009","*P.F. SPORTELLI INFORMATIVI ED INFORMADONNA","*SII_01"
"151","475","001.006.002.040.001","RISORSE UMANE E STRUMENTALI","S02"
"152","475","001.006.002.040.002","SCUOLA REGIONALE DI FORMAZIONE DELLA PUBBLICA AMMINISTRAZIONE","FPA_02"
"153","475","001.006.002.040.003","P.F. PROVVEDITORATO,ECONOMATO E CONTRATTI","PEC_02"
"154","474","001.006.002.039.004","SETTORE TRANSIZIONE DIGITALE E INFORMATICA","TDI"
"155","461","001.006.002.035.004","DIREZIONE BILANCIO, RAGIONERIA E PARTITE FINANZIARIE","BRF"
"156","155","001.006.002.035.004.001","P.F. BILANCIO, RAGIONERIA E CONTABILITÀ","RCS"
"157","475","001.006.002.040.051","P.F. AUTORITÀ DI GESTIONE DEL FAS, AUTORITÀ DI CERTIFICAZIONE E PAGAMENTO E NUCLEO DI VALUTAZIONE","FAS_SGG"
"158","271","001.006.002.035.005.003","P.F. POLITICHE COMUNITARIE E AUTORITÀ DI GESTIONE FESR E FSE","POC"
"159","171","001.006.002.037.004.001.002","P.F. PARI OPPORTUNITÀ, ADOZIONE E AFFIDAMENTO FAMILIARE","PAO"
"160","155","001.006.002.035.004.004","*P.F. ACCERTAMENTO DELLE ENTRATE","*ACE_03"
"161","155","001.006.002.035.004.005","P.F. PROGRAMMAZIONE SUBREGIONALE","PRS_03"
"162","472","001.006.002.038.003","DIREZIONE SANITÀ E INTEGRAZIONE SOCIOSANITARIA","SISS"
"163","162","001.006.002.038.003.004","*P.F. SISTEMA OSPEDALIERO, POLITICA DEL FARMACO, SISTEMA TERRITORIALE ED INTEGRAZIONE SOCIO-SANITARIA","*SOP_04"
"164","162","001.006.002.038.003.005","P.F. SANITA' PUBBLICA","SPU1"
"165","162","001.006.002.038.003.006","P.F. VETERINARIA E SICUREZZA ALIMENTARE OLD","VSA1"
"166","162","001.006.002.038.003.007","P.F. RISORSE UMANE DEL SERVIZIO SANITARIO REGIONALE","SSR"
"167","162","001.006.002.038.003.003","SETTORE AUTORIZZAZIONI E ACCREDITAMENTI","AUA"
"168","470","001.006.002.037.004","DIREZIONE POLITICHE SOCIALI","POSO"
"169","168","001.006.002.037.004.003","P.F. POLITICHE PER L'INCLUSIONE SOCIALE","PFI"
"170","168","001.006.002.037.004.004","*P.F. TERZO SETTORE E GESTIONE DELLE RISORSE FINANZIARIE","*TSG_05"
"171","168","001.006.002.037.004.001","SETTORE INCLUSIONE SOCIALE, SISTEMA INFORMATIVO E RUNTS","ISR"
"172","475","001.006.002.040.004","ISTRUZIONE, FORMAZIONE E LAVORO","S06"
"173","470","001.006.002.037.002","SETTORE FORMAZIONE PROFESSIONALE, ORIENTAMENTO E AREE DI CRISI COMPLESSE","FOAC"
"174","475","001.006.002.040.006","**ATTIVITA' E BENI CULTURALI, SPORT, MARCHIGIANI NEL MONDO","**S07"
"175","228","001.006.002.039.001.002","P.F. CONSERVAZIONE DEL PATRIMONIO CULTURALE E RECUPERO DEI BENI CULTURALI","TBC"
"176","475","001.006.002.040.007","*P.F. SPORT, TEMPO LIBERO, CACCIA E PESCA SPORTIVA","*STL_07"
"177","228","001.006.002.039.001.003","*P.P. PROMOZIONE E VALORIZZAZIONE","VPC_07"
"178","475","001.006.002.040.008","TERRITORIO, AMBIENTE, ENERGIA","TAE"
"179","475","001.006.002.040.009","P.F. SALVAGUARDIA,SOSTENIBILITA' E COOPERAZIONE AMBIENTALE","CRA_08"
"180","475","001.006.002.040.010","*P.F. DIFESA DEL SUOLO E TUTELA DELLE ACQUE","*DST_08"
"181","222","001.006.002.036.007.002.001","P.F. AREE PROTETTE, RETE ESCURSIONISTICA REGIONALE ED EDUCAZIONE AMBIENTALE","APP"
"182","475","001.006.002.040.011","P.F. TUTELA DELLE RISORSE AMBIENTALI OLD","TRA_08"
"183","475","001.006.002.040.012","P.F. URBANISTICA, INFORMAZIONI TERRITORIO-AMBIENTE E PIANO PAESAGGISTICO","ITB"
"184","475","001.006.002.040.013","*P.F. INTESE AMBIENTALI E APQ","*IAA_08"
"185","303","001.006.002.036.004","SETTORE TERRITORI INTERNI, PARCHI E RETE ECOLOGICA REGIONALE","TTER"
"186","475","001.006.002.040.019","GOVERNO DEL TERRITORIO, MOBILITA' ED INFRASTRUTTURE","S09"
"187","475","001.006.002.040.016","P.F. URBANISTICA ED ESPROPRIAZIONE","URB"
"188","475","001.006.002.040.015","P.F. GRANDI INFRASTRUTTURE DI COMUNICAZIONE, VIABILITÀ E DEMANIO IDRICO","IVD"
"189","475","001.006.002.040.053","P.F. EDILIZIA PRIVATA, EDILIZIA RESIDENZIALE PUBBLICA E SOCIALE","EPR"
"190","229","001.006.002.036.008.006","SETTORE GENIO CIVILE MARCHE NORD","GCMN"
"191","475","001.006.002.040.020","P.F. INFRASTRUTTURE FERROVIARIE, MOBILITA' E LOGISTICA","MTI_09"
"192","303","001.006.002.036.002","SETTORE MOBILITÀ E TPL","MTPL"
"193","229","001.006.002.036.008.013","P.F. DIFESA DELLA COSTA","DIF_DPS"
"194","475","001.006.002.040.021","*P.F. CENTRO OPERATIVO DI MUCCIA E FABRIANO ED OPERE PUBBLICHE D'EMERGENZA","*COM_09"
"195","475","001.006.002.040.022","P.P. TRASFORMAZIONI URBANISTICHE RELATIVE ALLA PROVINCIA DI FERMO","TUF_09"
"196","303","001.006.002.036.012","P.F. TUTELA DEL MARE","TDM"
"197","474","001.006.002.039.006","DIREZIONE AGRICOLTURA E SVILUPPO RURALE","ASR"
"198","197","001.006.002.039.006.005","*P.F. SVILUPPO DELL'IMPRESA AGRICOLA E DEL SISTEMA AGROALIMENTARE","*SIA_10"
"199","197","001.006.002.039.006.006","*P.F TUTELA DEL TERRITORIO E SVILUPPO RURALE","*TTS_10"
"200","197","001.006.002.039.006.007","*P.F. STRUTTURA DECENTRATA DI ANCONA E COORDINAMENTO DELLE ALTRE STRUTTURE DECENTRATE","*SDA_10"
"201","197","001.006.002.039.006.008","P.F. STRUTTURA DECENTRATA DI ANCONA E IRRIGAZIONE","STAN"
"202","197","001.006.002.039.006.009","*P.F. USI CIVICI E LIQUIDAZIONE ESAM","*UCL_10"
"203","394","001.006.002.039.006.001.003","P.F. CACCIA","PEA"
"204","475","001.006.002.040.023","SERVIZIO INDUSTRIA, ARTIGIANATO, ISTRUZIONE, FORMAZIONE E LAVORO","IAF"
"205","475","001.006.002.040.024","P.F. INDUSTRIA, ARTIGIANATO, POLITICHE DISTRETTUALI E INFRASTRUTTURE DI SERVIZIO","IAP_11"
"206","475","001.006.002.040.025","P.F. PROMOZIONE, CREDITO AGEVOLATO, FINANZA INNOVATIVA, GARANZIA E CONTROLLI","PCA_11"
"207","385","001.006.002.039.005.002","SETTORE INNOVAZIONE E COOPERAZIONE INTERNAZIONALE","ICIN"
"208","475","001.006.002.040.026","P.F. COOPERAZIONE NEI SETTORI PRODUTTIVI","CSP"
"209","475","001.006.002.040.028","**PROMOZIONE, INTERNAZIONALIZZAZIONE, TURISMO E COMMERCIO","**S12"
"210","475","001.006.002.040.029","*P.F. PROMOZIONE ED INTERNAZIONALIZZAZIONE","*PRI_12"
"211","475","001.006.002.040.032","UFFICIO COORDINAMENTO SISMA","DIUC_SGG"
"212","1","001.007","SALA OPERATIVA UNIFICATA PERMANENTE - PROTEZIONE CIVILE OLD","SOUP_PC"
"213","475","001.006.002.040.030","*P.F. PROMOZIONE TURISTICA","*PRT_12"
"214","470","001.006.002.037.001","SETTORE SERVIZI PER L'IMPIEGO E POLITICHE DEL LAVORO","SIP"
"215","475","001.006.002.040.046","*P.F. SISTEMA REGIONALE DI PROTEZIONE CIVILE E SICUREZZA LOCALE","*SPC_GPR"
"216","475","001.006.002.040.047","*P.F. ATTIVITA' TECNICHE DI PROTEZIONE CIVILE","*ATP_GPR"
"217","475","001.006.002.040.039","P.F. SEGRETERIA DELLA GIUNTA E ATTIVITÀ DI SUPPORTO ALLA SEGRETERIA GENERALE","ASI_SGG"
"218","386","001.006.002.035.006.005","P.F. ORGANIZZAZIONE, AMMINISTRAZIONE DEL PERSONALE E SCUOLA REGIONALE DI FORMAZIONE DELLA PUBBLICA AMMINISTRAZIONE","ORS_SGG"
"219","162","001.006.002.038.003.008","*P.F. ASSISTENZA GIURIDICO AMMINISTRATIVA, FORMAZIONE E AGGIORNAMENTO DEGLI OPERATORI DEL SSR","AGF_04"
"220","168","001.006.002.037.004.005","P.F. PROGRAMMAZIONE SOCIALE","APS"
"221","475","001.006.002.040.005","P.F. FONDO SOCIALE EUROPEO E FORMAZIONE","FSE_06"
"222","305","001.006.002.036.007.002","SETTORE VALUTAZIONI E AUTORIZZAZIONI AMBIENTALI","VAAM"
"223","197","001.006.002.039.006.010","*P.F. RACCORDO DELLA STRUTTURA DECENTRATA ALLE POLITICHE AGRICOLE","*RSD_10"
"224","311","001.006.002.036.007.001.002","P.F. CAVE E MINIERE","EFR"
"225","475","001.006.002.040.031","*P.F. COMMERCIO E TUTELA DEI CONSUMATORI","*CTC_12"
"226","475","001.006.002.040.033","COMMISSARIO DELEGATO  EVENTI ALLUVIONALI SETTEMBRE 2006","CDA_SGG"
"227","475","001.006.002.040.034","*INTERNAZIONALIZZAZIONE, PROMOZIONE ALL'ESTERO, COOPERAZIONE ALLO SVILUPPO E MARCHIGIANI NEL MONDO","S12"
"228","474","001.006.002.039.001","SERVIZIO SVILUPPO E VALORIZZAZIONE DELLE MARCHE","SVM"
"229","303","001.006.002.036.008","DIREZIONE PROTEZIONE CIVILE E SICUREZZA DEL TERRITORIO","PCST"
"230","229","001.006.002.036.008.009","P.F. DIFESA DEL SUOLO E RISORSE IDRICHE","DDS_DPS"
"231","229","001.006.002.036.008.010","P.F. ATTIVITÀ GENERALI DI PROTEZIONE CIVILE","AGP_DPS"
"232","229","001.006.002.036.008.011","P.F. OPERE PUBBLICHE DI EMERGENZA E PREVENZIONE DEL RISCHIO SISMICO","RSP_DPS"
"233","229","001.006.002.036.008.012","P.F. ATTIVITÀ TECNICHE DI PROTEZIONE CIVILE","ATP_DPS"
"234","475","001.006.002.040.048","P.F. RELAZIONI CON LO STATO","RLS_GPR"
"235","475","001.006.002.040.038","**P.F. ENTI LOCALI, INTEGRAZIONE E SEMPLIFICAZIONE DEI SERVIZI TERRITORIALI","RLE_GPR"
"236","141","001.006.002.001.010","P.F. AVVOCATO REGIONALE","ARC_01"
"238","155","001.006.002.035.004.006","P.F. GESTIONE ATTIVA DEL DEBITO","GAD"
"239","162","001.006.002.038.003.009","*P.F. OBIETTIVI DI PIANO","OBB_04"
"240","228","001.006.002.039.001.001","*P.F.PROGRAMMAZIONE ED OSSERVATORIO","PEO_07"
"241","474","001.006.002.039.002","SETTORE TURISMO","TURI"
"242","475","001.006.002.040.014","P.F. CONTABILITA' E BILANCIO AMBIENTALE","CBA_08"
"243","197","001.006.002.039.006.002","SETTORE AGROAMBIENTE - SDA AN","AGM"
"244","197","001.006.002.039.006.003","SETTORE COMPETITIVITÀ DELLE IMPRESE - SDA MC","CIM"
"245","197","001.006.002.039.006.011","P.F. STRUTTURA DECENTRATA DI ANCONA","CPS_10"
"246","197","001.006.002.039.006.004","SETTORE INFRASTRUTTURE E FORESTE - SDA AP/FM","IFO"
"247","475","001.006.002.040.035","[**]P.F. RELAZIONI INTERNAZIONALI E COMUNITARIE, COOPERAZIONE TERRITORIALE E DELEGAZIONE DI BRUXELLES","RIC_12"
"248","475","001.006.002.040.036","*P.P. DOCUMENTAZIONE E RICERCA","DER_12"
"249","162","001.006.002.038.003.013","P.F. FINANZIAMENTI A SOGGETTI PUBBLICI E PRIVATI IN AMBITO SOCIALE","FSP"
"250","228","001.006.002.039.001.004","*P.F. ORGANIZZAZIONE ED OFFERTA TURISTICA","OOT_07"
"251","475","001.006.002.040.037","*P.F. PROMOZIONE TURISTICA ED AGROALIMENTARE","PTA_12"
"252","1","001.008","ASSESSORATO TURISMO, COMMERCIO, CULTURA","SATCC"
"253","228","001.006.002.039.001.005","P.F. CULTURA OLD","PFC_07"
"254","228","001.006.002.039.001.006","P.F. POLITICHE GIOVANILI E SPORT","COO"
"255","228","001.006.002.039.001.007","P.P. REVISIONE DEGLI ATTI IN MATERIA DI POLITICHE GIOVANILI","REV_07"
"256","162","001.006.002.038.003.010","P.F. PROGRAMMAZIONE ECONOMICA E FINANZIARIA DEL SERVIZIO SANITARIO REGIONALE","PES"
"257","162","001.006.002.038.003.011","P.F. RAPPORTI CON LE STRUTTURE OSPEDALIERE PRIVATE E MOBILITA' PASSIVA","RSO1"
"258","155","001.006.002.035.004.007","P.F. CONTROLLO DELLA SPESA E DELLE ENTRATE  E TRIBUTI","CST_03"
"259","228","001.006.002.039.001.008","P.F. TURISMO E PROMOZIONE","TEP_07"
"260","470","001.006.002.037.003","SETTORE ISTRUZIONE, INNOVAZIONE SOCIALE E SPORT","IISP"
"261","154","001.006.002.039.004.001","Servizi di helpdesk ATTIWEB e PALEO","AEINF"
"262","1","001.009","ASSESSORATO VIABILITA', URBANISTICA E GOVERNO DEL TERRITORIO, TRASPORTI, PERSONALE, ORGANIZZAZIONE AMMINISTRATIVA, PORTI E AEROPORTO","VUTPOA"
"263","1","001.010","ASSESSORATO SOSTEGNO ALLA FAMIGLIA E SERVIZI SOCIALI, COOPERAZIONE ALLO SVILUPPO , EMIGRAZIONE, IMMIGRAZIONE","FSSEI"
"264","1","001.011","ASSESSORATO TURISMO, PROTEZIONE CIVILE, POLITICHE PER LA SICUREZZA, POLITICHE GIOVANILI, SPORT E INFRASTRUTTURE SPORTIVE, TEMPO LIBERO, PARI OPPORTUNITÀ","TURPROT"
"265","1","001.012","ASSESSORATO industria; artigianato; ricerca; sostegno all’innovazione per i settori produttivi; cave e miniere e pesca","IARSP"
"266","1","001.013","ASSESSORATO LAVORO, DIRITTO ALLO STUDIO, FORMAZIONE PROFESSIONALE ED ORIENTAMENTO, PREVIDENZA COMPLEMENTARE ED INTEGRATIVA, PROMOZIONE DELLA COOPERAZIONE","LIDFP"
"267","243","001.006.002.039.006.002.001","P.F. FORESTAZIONE","FOR"
"268","475","001.006.002.040.050","P.F. PROGRAMMAZIONE","PRM_SGG"
"269","141","001.006.002.001.011","P.F. LEGISLATIVO E ATTIVITÀ ISTITUZIONALI","LEA"
"270","475","001.006.002.040.049","P.F. CONSULENZA E BOLLETTINO UFFICIALE DELLA REGIONE","RIC"
"271","461","001.006.002.035.005","DIREZIONE PROGRAMMAZIONE INTEGRATA RISORSE COMUNITARIE E NAZIONALI","PRCN"
"272","475","001.006.002.040.017","P.F. GREEN ECONOMY, CICLO DEI RIFIUTI, BONIFICHE AMBIENTALI, AERCA E RISCHIO INDUSTRIALE","GRE"
"273","475","001.006.002.040.018","P.F. LAVORI PUBBLICI E QUALITÀ DELL'ARIA","LPQ"
"274","276","001.006.002.039.005.001.006","P.F. LIBERALIZZAZIONE E SEMPLIFICAZIONE DELLE ATTIVITÀ DI IMPRESA","AIA"
"275","311","001.006.002.036.007.001.003","P.F. CAVE E MINIERE OLD","CAV"
"276","385","001.006.002.039.005.001","SETTORE INDUSTRIA, ARTIGIANATO E CREDITO","IACR"
"277","475","001.006.002.040.027","P.F. FORMAZIONE PROFESSIONALE","FOP"
"278","229","001.006.002.036.008.003","SALA OPERATIVA UNIFICATA PERMANENTE - PROTEZIONE CIVILE","SOUPPCG"
"279","132","001.006.004","ASSESSORATO TRASPORTI, RETI, MOBILITÀ E LOGISTICA INTEGRATA, RIFORMA ORG. AMMINISTRATIVA, SOSTEGNO FAMIGLIA E SERVIZI SOCIALI, COOP. SVILUPPO, EMIGRAZIONE, IMMIGRAZIONE, PROMOZIONE COOPERAZIONE","VUTPOAG"
"280","132","001.006.005","ASSESSORATO SOSTEGNO ALLA FAMIGLIA E SERVIZI SOCIALI, COOPERAZIONE ALLO SVILUPPO , EMIGRAZIONE, IMMIGRAZIONE","FSSEIG"
"281","132","001.006.006","ASSESSORATO TURISMO, PROTEZIONE CIVILE, POLITICHE PER LA SICUREZZA, POLITICHE GIOVANILI, SPORT E INFRASTRUTTURE SPORTIVE, TEMPO LIBERO, PARI OPPORTUNITA'","TURPROTG"
"282","132","001.006.007","ASSESSORATO INDUSTRIA, ARTIGIANATO, RICERCA, SOSTEGNO ALL’INNOVAZIONE PER I SETTORI PRODUTTIVI, CAVE E MINIERE E PESCA","IARSPG"
"283","132","001.006.008","ASSESSORATO LAVORO, ISTRUZIONE, DIRITTO ALLO STUDIO, FORMAZIONE PROFESSIONALE ED ORIENTAMENTO, PROFESSIONI, PREVIDENZA COMPLEMENTARE ED INTEGRATIVA","LIDFPG"
"284","228","001.006.002.039.001.009","Attuazione Iniziative ERF","ERF"
"285","1","001.014","AGENZIA REGIONALE SANITARIA","ARS"
"286","162","001.006.002.038.003.012","P.F. CONTROLLO STRATEGICO","CSG"
"287","285","001.014.001","P.F. GOVERNO CLINICO ","GCS"
"288","285","001.014.002","P.F. ASSISTENZA OSPEDALIERA ED EMERGENZA-URGENZA","RSO"
"289","285","001.014.003","SETTORE TERRITORIO ED INTEGRAZIONE SOCIO SANITARIA","AST"
"290","285","001.014.004","P.F. INTEGRAZIONE SOCIO SANITARIA ","ISS"
"291","285","001.014.005","SETTORE ASSISTENZA OSPEDALIERA, EMERGENZA-URGENZA E RICERCA","RAO"
"292","285","001.014.006","SETTORE ASSISTENZA FARMACEUTICA, PROTESICA, DISPOSITIVI MEDICI","ASF"
"293","285","001.014.007","P.F. EDILIZIA SANITARIA ED OSPEDALIERA OLD","ESO_OLD"
"294","285","001.014.008","SETTORE AFFARI GENERALI","AGT"
"295","285","001.014.009","SETTORE PREVENZIONE E PROMOZIONE DELLA SALUTE NEI LUOGHI DI VITA E DI LAVORO","SPU"
"296","285","001.014.010","SETTORE PREVENZIONE VETERINARIA E SICUREZZA ALIMENTARE","VSA"
"297","285","001.014.011","P.F. COORDINAMENTO GIURIDICO-AMMINISTRATIVO","CGA"
"298","285","001.014.012","SETTORE FLUSSI INFORMATIVI SANITARI E MONITORAGGIO SSR","SGR"
"299","285","001.014.013","P.P. SISTEMA INFORMATIVO DEL SERVIZIO SANITARIO REGIONALE","SIR"
"300","474","001.006.002.039.003","SETTORE BENI E ATTIVITÀ CULTURALI","BACU"
"301","228","001.006.002.039.001.010","P.F. INTERNAZIONALIZZAZIONE","IAP"
"302","394","001.006.002.039.006.001.001","P.F. CACCIA E PESCA NELLE ACQUE INTERNE","CPS"
"303","140","001.006.002.036","DIPARTIMENTO INFRASTRUTTURE, TERRITORIO E PROTEZIONE CIVILE","ITPC"
"304","475","001.006.002.040.052","SERVIZIO TERRITORIO E AMBIENTE","TEA"
"305","303","001.006.002.036.007","DIREZIONE AMBIENTE E RISORSE IDRICHE","ARI"
"306","303","001.006.002.036.009","P.F. SUPPORTO TECNICO NELL'AMBITO DELLA DIFESA DEL SUOLO","DDS"
"307","303","001.006.002.036.010","P.F. SEMPLIFICAZIONE IN MATERIA DI INFRASTRUTTURE","SMI"
"308","303","001.006.002.036.011","P.F. EFFICIENZA ENERGETICA E FONTI RINNOVABILI","EFN"
"309","311","001.006.002.036.007.001.001","P.F. TUTELA DELLE RISORSE AMBIENTALI","TRA"
"310","303","001.006.002.036.001","SETTORE URBANISTICA, PAESAGGIO ED EDILIZIA RESIDENZIALE PUBBLICA","UER"
"311","305","001.006.002.036.007.001","SETTORE FONTI ENERGETICHE, RIFIUTI, CAVE E MINIERE","FRC"
"312","276","001.006.002.039.005.001.001","Albo artigiani di Pesaro","IRE-PU"
"313","276","001.006.002.039.005.001.002","Albo artigiani di Ancona","IRE-AN"
"314","276","001.006.002.039.005.001.003","Albo artigiani di Macerata","IRE-MC"
"315","276","001.006.002.039.005.001.004","Albo artigiani di Fermo","IRE-FM"
"316","276","001.006.002.039.005.001.005","Albo artigiani di Ascoli Piceno","IRE-AP"
"318","132","001.006.009","ASSESSORATO VIABILITÀ, PORTI ED AEROPORTI, DIFESA DEL SUOLO E DELLA COSTA, PROTEZIONE CIVILE, POLIZIA LOCALE E POLITICHE INTEGRATE PER LA SICUREZZA, POLITICHE GIOVANILI, SPORT E TEMPO LIBERO, CACCIA E PESCA SPORTIVA, IMPIANTI ED INFRASTRUTTURE SPORTIVE","AVPCPGSC"
"319","132","001.006.010","ASSESSORATO AMBIENTE, RIFIUTI, PARCHI, RISORSE IDRICHE, ENERGIA, GREEN ECONOMY","ARPIEG"
"320","132","001.006.011","ASSESSORATO BILANCIO, FINANZE, DEMANIO E PATRIMONIO, CREDITO, PROVVEDITORATO ED ECONOMATO, RAPPORTI CON AGENZIE, ENTI E SOCIETA' PARTECIPATE, BENI ED ATTIVITA' CULTURALI, PERSONE GIURIDICHE PRIVATE","MABIEPCU"
"321","132","001.006.012","ASSESSORATO ALLA TUTELA DELLA SALUTE, VETERINARIA, VOLONTARIATO, ACQUE MINERALI, TERMALI E DI SORGENTE","PASSSAL"
"322","472","001.006.002.038.001","P.F. CONTROLLO ATTI E ATTIVITÀ ISPETTIVA","CAI"
"323","328","001.006.002.035.006.002.003","UFFICIO CONTRATTI","UCO"
"324","461","001.006.002.035.001","UO DATORE DI LAVORO","DATLAV"
"325","132","001.006.014","VICEPRESIDENZA GIUNTA REGIONALE / ASSESSORATO COMMERCIO, FIERE, TUT. CONSUMATORI, LAVORI ED  EDILIZIA PUBBLICA, IMP. SPORTIVI, URBANISTICA E GOV. TERRITORIO, POLITICHE MONTAGNA, ENTI LOCALI, SERVIZI PUBBLICI, PROGETTO SPECIALE PICENO","VACFTLES"
"326","132","001.006.015","ASSESSORATO POL. COMUNITARIE, VIABILITA', INFRASTRUTTURE, PORTI E AEROPORTI, DIFESA SUOLO E COSTA, RETI ICT E CLOUD, PROT. CIVILE, POLIZIA LOCALE E POL.INTEGRATE SICUREZZA, PARI OPPORTUNITA’, POL. GIOV., CACCIA E PESCA SP.","APCVIPDS"
"327","132","001.006.016","ASSESSORATO BENI AMBIENTALI, GREEN ECONOMY, TUTELA AMB. GESTIONE RIFIUTI, PARCHI, RISORSE IDRICHE, ENERGIA E FONTI RINNOVABILI, AGRICOLTURA, ZOOTECNIA, FORESTAZIONE, ALIMENTAZIONE","ABAGETA"
"328","386","001.006.002.035.006.002","SETTORE SUAM","SUAR"
"329","1","001.015","SEGRETERIA TECNICO OPERATIVA AUTORITA BACINO FIUME TRONTO","STO"
"330","229","001.006.002.036.008.014","Maltempo 2013 - Commissario Delegato","CDM13"
"331","140","001.006.002.025","DIREZIONE VICESEGRETERIA E CONTROLLI","VSG"
"332","141","001.006.002.001.015","SETTORE AVVOCATURA REGIONALE 2","AR2"
"333","271","001.006.002.035.005.004","P.F. FONDO PER LO SVILUPPO E LA COESIONE E MARCHE +20","FSC"
"334","155","001.006.002.035.004.008","P.F. CONTABILITÀ SPECIALI RELATIVE AGLI STATI DI EMERGENZA","CSR"
"335","303","001.006.002.036.013","POSIZIONE DI STAFF CONSULENZA GIURIDICA IN MATERIA DI EDILIZIA E URBANISTICA","SGU"
"336","303","001.006.002.036.014","POSIZIONE DI STAFF CONSULENZA TECNICA IN MATERIA DI EDILIZIA","STE"
"337","385","001.006.002.039.005.004","P.F. COOPERAZIONE ALLO SVILUPPO","COS"
"338","303","001.006.002.036.015","POSIZIONE DI STAFF SUPPORTO IN MATERIA DI DEMANIO IDRICO E TUTELA DEL MARE","SMD_OLD"
"339","303","001.006.002.036.016","POSIZIONE DI STAFF MONITORAGGIO E VERIFICA DEGLI INTERVENTI IN MATERIA DI INFRASTRUTTURE","MOI"
"340","285","001.014.014","P.F. INTEGRAZIONE SOCIO-SANITARIA","OSV"
"341","229","001.006.002.036.008.015","Maltempo Maggio 2014 - Commissario Delegato","CDM14"
"342","229","001.006.002.036.008.004","U.O. SOGGETTO ATTUATORE DEGLI INTERVENTI DI MITIGAZIONE DEL RISCHIO IDROGEOLOGICO","SAM"
"343","154","001.006.002.039.004.002","Servizi di Supporto al Sistema Documentale","SSSDINF"
"344","132","001.006.017","VICEPRESIDENZA E ASSESSORATO LAVORI PUBBLICI, EDILIZIA PUBBLICA, EDILIZIA RESIDENZIALE PUBBLICA, PISTE CICLABILI, VIABILITÀ, INFRASTRUTTURE, PORTI AEROPORTI E INTERPORTO, GOVERNO DEL TERRITORIO, EDILIZIA, URBANISTICA, AGRICOLTURA, ALIMENTAZIONE, FORESTE, S","ASSLVP"
"345","132","001.006.018","ASSESSORATO INDUSTRIA, ARTIGIANATO, COMMERCIO, FIERE E MERCATI, TUTELA DEI CONSUMATORI, CAVE, PESCA MARITTIMA, POLITICHE COMUNITARIE, COOPERAZIONE ALLO SVILUPPO, PARI OPPORTUNITÀ","ASSIAC"
"346","132","001.006.019","ASSESSORATO LAVORO, TUTELA E SICUREZZA DEL LAVORO, PROFESSIONI, PREVIDENZA COMPLEMENTARE E INTEGRATIVA, FORMAZIONE PROFESSIONALE, ISTRUZIONE, UNIVERSITÀ E DIRITTO ALLO STUDIO, SOSTEGNO ALLA FAMIGLIA","ASSLATS"
"347","132","001.006.020","ASSESSORATO BILANCIO, FINANZE, DEMANIO E VALORIZZAZIONE DEL PATRIMONIO, CREDITO, PROVVEDITORATO ED ECONOMATO, RAPPORTI CON LE AGENZIE, GLI ENTI DIPENDENTI E LE SOCIETÀ PARTECIPATE, IN COLLABORAZIONE CON GLI ASSESSORI COMPETENTI, INFORMATICA E RETI ICT, ORG","ASSBFD"
"348","132","001.006.021","ASSESSORATO VALORIZZAZIONE DEI BENI CULTURALI, PROMOZIONE E ORGANIZZAZIONE DELLE ATTIVITÀ CULTURALI, MUSEI, BIBLIOTECHE, GRANDI EVENTI, SPETTACOLO, TURISMO, CACCIA E PESCA SPORTIVA","ASSVBC"
"349","132","001.006.022","ASSESSORATO VALORIZZAZIONE DEI BENI AMBIENTALI, TUTELA DEL PAESAGGIO, PARCHI E RISERVE NATURALI, RIFIUTI, RISORSE IDRICHE, DIFESA DEL SUOLO E DELLA COSTA, PRODUZIONE E DISTRIBUZIONE DELL’ENERGIA, GREEN ECONOMY, FONTI RINNOVABILI, TRASPORTI, RETI REGIONALI ","ASSVBA"
"350","132","001.006.023","PRESIDENZA E ASSESSORATO TUTELA DELLA SALUTE, VETERINARIA, ACQUE MINERALI, TERMALI E DI SORGENTE, SERVIZI SOCIALI, POLITICHE DELL’INFANZIA, DEI GIOVANI E DEGLI ANZIANI, PROMOZIONE SPORTIVA, RAPPORTI CON LE ISTITUZIONI INTERNAZIONALI, COMUNITARIE, NAZIONALI","ASSSVI"
"351","229","001.006.002.036.008.002","Maltempo Marzo 2015 - Commissario Delegato","CDM15"
"352","214","001.006.002.037.001.017","P.F. PRESIDIO FORMAZIONE E SERVIZI PER L'IMPIEGO PESARO-URBINO E ANCONA","PFSI-PA"
"353","214","001.006.002.037.001.018","P.F. PRESIDIO FORMAZIONE E SERVIZI PER L'IMPIEGO FERMO, MACERATA E ASCOLI PICENO","PFSI-FMA"
"354","190","001.006.002.036.008.006.001","P.F. TUTELA DEL TERRITORIO DI PESARO E URBINO","PTGC-PA"
"355","229","001.006.002.036.008.007","SETTORE GENIO CIVILE MARCHE SUD","GCMS"
"356","229","001.006.002.036.008.016","COMMISSARIO STRAORDINARIO BONIFICA SGL","CS_SGL"
"357","173","001.006.002.037.002.004","SERVIZIO TERRITORIALE PER LA FORMAZIONE DI ASCOLI PICENO","FORM-AP"
"358","173","001.006.002.037.002.003","SERVIZIO TERRITORIALE PER LA FORMAZIONE DI MACERATA","FORM-MC"
"359","173","001.006.002.037.002.005","SERVIZIO TERRITORIALE PER LA FORMAZIONE DI FERMO","FORM-FM"
"360","214","001.006.002.037.001.015","PRESIDIO LAVORO ANCONA","PL-AN"
"361","173","001.006.002.037.002.001","SERVIZIO TERRITORIALE PER LA FORMAZIONE DI ANCONA","FORM-AN"
"362","357","001.006.002.037.002.004.001","CENTRO LOCALE PER LA FORMAZIONE DI ASCOLI PICENO","PF-CLFAP"
"363","357","001.006.002.037.002.004.002","CENTRO LOCALE PER LA FORMAZIONE DI SAN BENEDETTO DEL TRONTO","PF-CLFST"
"364","214","001.006.002.037.001.009","CENTRO IMPIEGO MACERATA","PSI-MAC"
"365","214","001.006.002.037.001.010","CENTRO IMPIEGO TOLENTINO","PSI-TOL"
"366","214","001.006.002.037.001.011","CENTRO IMPIEGO CIVITANOVA MARCHE","PSI-CIV"
"367","214","001.006.002.037.001.012","CENTRO IMPIEGO ASCOLI PICENO","PSI-AP"
"368","214","001.006.002.037.001.013","CENTRO IMPIEGO FERMO","PSI-FM"
"369","385","001.006.002.039.005.003","P.F. STRATEGIA MACROREGIONE ADRIATICO-IONICA E COOPERAZIONE TERRITORIALE EUROPEA","MAC_GPR"
"370","214","001.006.002.037.001.002","CENTRO IMPIEGO ANCONA","PCIOF-AN"
"371","214","001.006.002.037.001.003","CENTRO IMPIEGO SENIGALLIA","PCIOF-SE"
"372","214","001.006.002.037.001.004","CENTRO IMPIEGO JESI","PCIOF-JE"
"373","214","001.006.002.037.001.005","CENTRO IMPIEGO FABRIANO","PCIOF-FB"
"374","214","001.006.002.037.001.016","PRESIDIO LAVORO PESARO E URBINO","PL-PU"
"375","173","001.006.002.037.002.002","SERVIZIO TERRITORIALE PER LA FORMAZIONE DI PESARO E URBINO","FORM-PU"
"376","214","001.006.002.037.001.006","CENTRO IMPIEGO PESARO","PCIOF-PS"
"377","214","001.006.002.037.001.007","CENTRO IMPIEGO FANO","PCIOF-FN"
"378","214","001.006.002.037.001.008","CENTRO IMPIEGO URBINO","PCIOF-UR"
"382","229","001.006.002.036.008.017","CENTRO DI COORDINAMENTO REGIONALE","CCR_DPS"
"383","132","001.006.024","UFFICIO SPECIALE PER LA RICOSTRUZIONE","USR"
"384","229","001.006.002.036.008.005","SETTORE SOGGETTO ATTUATORE SISMA 2016","SS16"
"385","474","001.006.002.039.005","DIREZIONE ATTIVITÀ PRODUTTIVE E IMPRESE","APIM"
"386","461","001.006.002.035.006","DIREZIONE RISORSE UMANE E STRUMENTALI","RUS"
"387","140","001.006.002.028","SERVIZIO AFFARI ISTITUZIONALI E INTEGRITÀ","AII"
"388","383","001.006.024.001","P.F. ATTIVITA' AMMINISTRATIVA DELLA DIREZIONE IN USR","AAD"
"389","141","001.006.002.001.016","SETTORE AVVOCATURA REGIONALE 1","AR1"
"390","141","001.006.002.001.017","P.F. CONSULENZA GIURIDICA","CGV"
"391","386","001.006.002.035.006.004","SETTORE PROVVEDITORATO ED ECONOMATO","PRE"
"392","328","001.006.002.035.006.002.001","P.F. APPALTI SERVIZI E FORNITURE PER GIUNTA, SSR E UFFICIO SPECIALE PER LA RICOSTRUZIONE","AGG"
"393","328","001.006.002.035.006.002.002","P.F. APPALTO LAVORI PUBBLICI PER GIUNTA ED ENTI STRUMENTALI","ALP"
"394","197","001.006.002.039.006.001","SETTORE POLITICHE FAUNISTICO VENATORIE E ITTICHE – SDA PU","PFV"
"395","355","001.006.002.036.008.007.001","P.F. TUTELA DEL TERRITORIO DI ASCOLI PICENO","TTA"
"396","355","001.006.002.036.008.007.002","P.F. TUTELA DEL TERRITORIO DI FERMO","TTF"
"397","185","001.006.002.036.004.001","P.F. TUTELA DEL MARE E SANZIONI AMMINISTRATIVE","GAC"
"398","472","001.006.002.038.002","SETTORE RISORSE UMANE E FORMAZIONE","SRU"
"399","162","001.006.002.038.003.001","P.F. MOBILITÀ SANITARIA ED AREA EXTRAOSPEDALIERA","MOB"
"400","132","001.006.031","UFFICIO GABINETTO","UFG"
"401","383","001.006.024.002","P.F. ATTIVITA' TECNICHE PER LA RICOSTRUZIONE AREE DI ASCOLI PICENO E FERMO","RAF"
"402","383","001.006.024.003","P.F. ATTIVITA' TECNICHE PER LA RICOSTRUZIONE AREE DI MACERATA E ANCONA","RMA"
"403","328","001.006.002.035.006.002.006","P.I. SUPPORTO AL RUP DELLA STAZIONE UNICA APPALTANTE MARCHE","SRUP"
"404","385","001.006.002.039.005.005","P.F. ECONOMIA ITTICA","ECI"
"405","285","001.014.015","SETTORE SISTEMA INTEGRATO DELLE EMERGENZE","SIE"
"406","285","001.014.016","SETTORE HTA, TECNOLOGIE BIOMEDICHE E SISTEMI INFORMATIVI","HTA"
"407","303","001.006.002.036.003","SETTORE EDILIZIA SANITARIA, OSPEDALIERA E SCOLASTICA","ESOS"
"408","214","001.006.002.037.001.014","CENTRO IMPIEGO SAN BENEDETTO DEL TRONTO","PSI-ST"
"409","323","001.006.002.030.003.001","USR-CONTRATTI","USR-UCO"
"410","323","001.006.002.035.006.002.003.001","USR-CONTRATTI","UCO-USR"
"411","229","001.006.002.036.008.018","P.I. SUPPORTO ALL'ATTUAZIONE DELLE FUNZIONI TECNICHE DI PROTEZIONE CIVILE - FUNZIONI VICARIE","AFT"
"412","386","001.006.002.035.006.003","SETTORE SUAM - SOGGETTO AGGREGATORE","SUSA"
"413","214","001.006.002.037.001.001","P.F. GESTIONE DEL MERCATO DEL LAVORO E DEI SERVIZI PER L'IMPIEGO (PUBBLICI E PRIVATI)","GML"
"414","328","001.006.002.035.006.002.004","GT-SUAM","GT-SUAM"
"415","229","001.006.002.036.008.001","P.F, ATTIVITA' GENERALI DI PROTEZIONE CIVILE","AGPC"
"416","285","001.014.017","SOGGETTO ATTUATORE COVID MARCHE","SACM"
"418","461","001.006.002.035.003","SETTORE DEBITO E SOCIETÀ PARTECIPATE","DSP"
"419","167","001.006.002.038.003.003.001","P.F. AUTORIZZAZIONI","AUT"
"420","405","001.014.015.001","NUMERO DI EMERGENZA UNICO EUROPEO 112","NUE112"
"421","132","001.006.025","VICEPRESIDENZA E ASSESSORATO SVILUPPO ECONOMICO, INDUSTRIA, ARTIGIANATO, COMMERCIO, FIERE E MERCATI, PESCA MARITTIMA, TUTELA DEI CONSUMATORI, INTERNAZIONALIZZAZIONE, AGRICOLTURA, ALIMENTAZIONE, FORESTE, SVILUPPO RURALE, AGRITURISMO, ZOOTECNIA, INDUSTRIA AG","ASSSEIA"
"422","132","001.006.026","ASSESSORATO LAVORO, TUTELA E SICUREZZA DEL LAVORO, PROFESSIONI, PREVIDENZA COMPLEMENTARE E INTEGRATIVA, FORMAZIONE PROFESSIONALE, URBANISTICA, VALORIZZAZIONE DEI BENI AMBIENTALI, TUTELA DEL PAESAGGIO, PARCHI E RISERVE NATURALI, CAVE, RIFIUTI, RISORSE IDRIC","ASSLTSP"
"423","132","001.006.027","ASSESSORATO VIABILITÀ, INFRASTRUTTURE, GOVERNO DEL TERRITORIO, LAVORI PUBBLICI, POLITICHE PER LA MONTAGNA E LE AREE INTERNE","ASSVIGL"
"424","132","001.006.028","ASSESSORATO BILANCIO, FINANZE, DEMANIO E VALORIZZAZIONE DEL PATRIMONIO, CREDITO, PROVVEDITORATO ED ECONOMATO, RAPPORTI CON LE AGENZIE, GLI ENTI DIPENDENTI E LE SOCIETÀ PARTECIPATE , RICOSTRUZIONE, ORGANIZZAZIONE E PERSONALE, TRASPORTI, RETI REGIONALI DI TR","ASSBFDV"
"425","132","001.006.029","ASSESSORATO VALORIZZAZIONE DEI BENI CULTURALI, PROMOZIONE E ORGANIZZAZIONE DELLE ATTIVITÀ CULTURALI, MUSEI, BIBLIOTECHE, SPETTACOLI ED EVENTI , ISTRUZIONE, UNIVERSITÀ E DIRITTO ALLO STUDIO, SPORT, PROMOZIONE SPORTIVA, PISTE CICLABILI, POLITICHE GIOVANILI E","ASSVBCP"
"426","132","001.006.030","ASSESSORATO SANITÀ, TUTELA DELLA SALUTE, SERVIZI SOCIALI, SOSTEGNO ALLA FAMIGLIA, POLITICHE DELL'INFANZIA E DEGLI ANZIANI, VETERINARIA, IMMIGRAZIONE, POLIZIA LOCALE E POLITICHE INTEGRATE PER LA SICUREZZA","ASSSTSF"
"427","140","001.006.002.034","SETTORE SEGRETERIA DI GIUNTA, POLITICHE INTEGRATE DI SICUREZZA ED ENTI LOCALI","SGP"
"460","171","001.006.002.037.004.001.001","UFFICIO RUNTS","RUNTS"
"461","140","001.006.002.035","DIPARTIMENTO PROGRAMMAZIONE INTEGRATA, UE E RISORSE FINANZIARIE, UMANE E STRUMENTALI","PUR"
"462","155","001.006.002.035.004.002","SETTORE RENDICONTO E CONTROLLI CONTABILI","RCC"
"463","155","001.006.002.035.004.003","SETTORE ENTRATE TRIBUTARIE E RISCOSSIONI COATTIVE","ETR"
"464","271","001.006.002.035.005.001","SETTORE PROGRAMMAZIONE DELLE RISORSE COMUNITARIE","PRC"
"465","271","001.006.002.035.005.002","SETTORE PROGRAMMAZIONE DELLE RISORSE NAZIONALI E AIUTI DI STATO","PRN"
"466","386","001.006.002.035.006.001","SETTORE SCUOLA DI FORMAZIONE PA E VALORIZZAZIONE DEL PERSONALE","SFV"
"467","303","001.006.002.036.005","SETTORE INFRASTRUTTURE E VIABILITÀ","IEV"
"468","303","001.006.002.036.006","SETTORE GESTIONE DEL PATRIMONIO IMMOBILIARE","GPI"
"469","229","001.006.002.036.008.008","SETTORE RISCHIO SISMICO","RSI"
"470","140","001.006.002.037","DIPARTIMENTO POLITICHE SOCIALI, LAVORO, ISTRUZIONE E FORMAZIONE","PSL"
"471","168","001.006.002.037.004.002","SETTORE CONTRASTO AL DISAGIO","CDI"
"472","140","001.006.002.038","DIPARTIMENTO SALUTE","SALU"
"473","162","001.006.002.038.003.002","SETTORE SPESA SANITARIA E SOCIOSANITARIA","SSO"
"474","140","001.006.002.039","DIPARTIMENTO SVILUPPO ECONOMICO","SVE"
"475","140","001.006.002.040","STRUTTURE CHIUSE","CLOSED"
"476","260","001.006.002.037.003.001","CONSIGLIERA DI PARITA'","CPA"
"477","229","001.006.002.036.008.019","SOGGETTO ATTUATORE EMERGENZA UCRAINA","SAU"
"900","900",".","SERVIZIO POLITICHE AGROALIMENTARI","AFP"
"901","901",".","SERVIZIO ATTIVITÀ PRODUTTIVE, LAVORO, TURISMO, CULTURA E INTERNAZIONALIZZAZIONE","ICT"
"902","902",".","SERVIZIO ATTIVITÀ PRODUTTIVE, LAVORO, TURISMO, CULTURA E INTERNAZIONALIZZAZIONE DIPARTIMENTO PER LE POLITICHE INTEGRATE DI SICUREZZA E PER LA PROTEZIONE CIVILE","DPS"
"903","903",".","**servizio cultura","CLT"
"904","904",".","**P.F. ECONOMIA ITTICA, FIERE E MERCATI","FIE"
"905","905",".","SERVIZIO SVILUPPO E VALORIZZAZIONE DELLE MARCHE","APL"
"906","906",".","SERVIZIO RISORSE FINANZIARIE E BILANCIO","RFP"
"991",,"001","UFFICIO SPECIALE PER LA RICOSTRUZIONE","USRUSR"
"992","996","001.001","USR - P.F. RISORSE ORGANIZZATIVE, UMANE, STRUMENTALI E CONTABILI, COORDINAMENTO RICOSTRUZIONE PRODUTTIVA E CONSULENZA","USRAAD"
"993","996","001.002","USR - P.F. COORDINAMENTO RICOSTRUZIONE PUBBLICA","USRRAF"
"994","996","001.003","USR - P.F. COORDINAMENTO RICOSTRUZIONE PRIVATA","USRRMA"
"995","996","001.002.001","USR - APPALTI SUAM","USROPSUAM"
"996","991","001.004","USR - P.F. COORDINAMENTO ATTIVITA' DI CONTROLLO DELLA RICOSTRUZIONE E RICOSTRUZIONE POST-SISMA 1997","USRCOAT"
"997","991","001.001","USR - SETTORE ATTUAZIONE ORDINANZE SPECIALI","USRAOS"
"21137","21140","001.006.002.031","P.F. PERFORMANCE E SISTEMA STATISTICO","SIS_GPR"
"21140","132","001.006.002","SEGRETERIA GENERALE","SGG"
"21141","21140","001.006.002.001","SERVIZIO AVVOCATURA REGIONALE E ATTIVITÀ NORMATIVA","ANL"
"21145","21141","001.006.002.001.004","P.F. PRODUZIONE LEGISLATIVA","ANC"
"21148","21140","001.006.002.032","P.F. CONTROLLI DI SECONDO LIVELLO E AUDITING","CRF"
"21154","21386","001.006.002.027.002","P.F. INFORMATICA E CRESCITA DIGITALE","INF"
"21155","21140","001.006.002.003","SERVIZIO RISORSE FINANZIARIE E BILANCIO","BRT"
"21162","21140","001.006.002.004","SERVIZIO SANITÀ","SAN"
"21167","21162","001.006.002.004.005","P.F. ACCREDITAMENTI","AIR"
"21168","21140","001.006.002.023","SERVIZIO POLITICHE SOCIALI E SPORT","SPO"
"21171","21168","001.006.002.023.001","P.F. CONTRASTO ALLA VIOLENZA DI GENERE E TERZO SETTORE","IGR"
"21173","21385","001.006.002.026.004","P.F. ISTRUZIONE, FORMAZIONE, ORIENTAMENTO E SERVIZI TERRITORIALI PER LA FORMAZIONE","IFD"
"21185","21303","001.006.002.021.022","P.F. BIODIVERSITÀ E RETE ECOLOGICA REGIONALE","BRE"
"21190","21303","001.006.002.021.009","P.F. TUTELA DEL TERRITORIO DI ANCONA E GESTIONE DEL PATRIMONIO","EDI"
"21192","21303","001.006.002.021.006","P.F. TRASPORTO PUBBLICO LOCALE, LOGISTICA E VIABILITÀ","TPL"
"21197","21140","001.006.002.010","SERVIZIO POLITICHE AGROALIMENTARI","AEA"
"21207","21385","001.006.002.026.002","P.F. INNOVAZIONE, RICERCA E INTERNAZIONALIZZAZIONE","IRE"
"21214","21385","001.006.002.026.003","P.F. PROMOZIONE E SOSTEGNO ALLE POLITICHE ATTIVE PER IL LAVORO, CORRISPONDENTI SERVIZI TERRITORIALI E AREE DI CRISI","SIM"
"21222","21303","001.006.002.021.008","P.F. VALUTAZIONI E AUTORIZZAZIONI AMBIENTALI, QUALITÀ DELL’ARIA E PROTEZIONE NATURALISTICA","VAA"
"21229","21140","001.006.002.029","SERVIZIO PROTEZIONE CIVILE","SPC"
"21241","228","001.006.002.017.002","P.F. TURISMO","CTC"
"21243","21197","001.006.002.010.008","P.F. INTERVENTI NEL SETTORE FORESTALE E DELL'IRRIGAZIONE E SDA DI ANCONA","CSI"
"21244","21197","001.006.002.010.009","P.F. SVILUPPO DELLE AREE RURALI, QUALITÀ DELLE PRODUZIONI E SDA DI MACERATA","DMC"
"21246","21197","001.006.002.010.011","P.F. COMPETITIVITÀ E MULTIFUNZIONALITÀ DELL'IMPRESA AGRICOLA E SDA DI FERMO - ASCOLI PICENO","PSD"
"21260","21168","001.006.002.023.006","P.F. POLITICHE GIOVANILI E SPORT","IPC"
"21271","21155","001.006.002.003.009","P.F. PROGRAMMAZIONE NAZIONALE E COMUNITARIA","BIT"
"21276","21385","001.006.002.026.001","P.F. CREDITO, COOPERATIVE, COMMERCIO E TUTELA DEI CONSUMATORI","ACF"
"21300","228","001.006.002.017.013","P.F. BENI E ATTIVITÀ CULTURALI","CEI"
"21303","21140","001.006.002.021","SERVIZIO TUTELA, GESTIONE E ASSETTO DEL TERRITORIO","ITE"
"21305","21303","001.006.002.021.001","P.F. TUTELA DELLE ACQUE E DIFESA DEL SUOLO E DELLA COSTA","SMD"
"21310","21303","001.006.002.021.010","P.F. URBANISTICA, PAESAGGIO ED EDILIZIA","UPT"
"21311","21303","001.006.002.021.020","P.F. BONIFICHE, FONTI ENERGETICHE, RIFIUTI E CAVE E MINIERE","CRB"
"21328","21140","001.006.002.030","SERVIZIO STAZIONE UNICA APPALTANTE MARCHE","SUAM"
"21331","21140","001.006.002.025","VICE SEGRETERIA","VSG_SGG"
"21332","21141","001.006.002.001.015","P.F. AVVOCATURA REGIONALE 2","SAV"
"21342","21305","001.006.002.021.001.001","U.O. SOGGETTO ATTUATORE DEGLI INTERVENTI DI MITIGAZIONE DEL RISCHIO IDROGEOLOGICO","SAMRI"
"21355","21303","001.006.002.021.017","P.F. TUTELA DEL TERRITORIO DI MACERATA","PTGC-FMA"
"21384","21140","001.006.002.033","P.F. SOGGETTO ATTUATORE SISMA 2016 - FUNZIONI DELEGATE","SISMA16"
"21385","21140","001.006.002.026","SERVIZIO ATTIVITÀ PRODUTTIVE, LAVORO E ISTRUZIONE","PLI"
"21386","21140","001.006.002.027","SERVIZIO RISORSE UMANE, ORGANIZZATIVE E STRUMENTALI","RUO"
"21389","21141","001.006.002.001.016","P.F. AVVOCATURA REGIONALE 1","AVR"
"21391","21386","001.006.002.027.001","P.F. PROVVEDITORATO, ECONOMATO E SICUREZZA SUI LUOGHI DI LAVORO","PEL"
"21394","21197","001.006.002.010.017","P.F. AGRICOLTURA A BASSO IMPATTO, ZOOTECNIA E SDA DI PESARO","IAB"
"21398","21162","001.006.002.004.016","P.F. RISORSE UMANE E FORMAZIONE","RUM"
"21407","21303","001.006.002.021.023","P.F. EDILIZIA SANITARIA ED OSPEDALIERA","ESO"
"21412","21328","001.006.002.030.006","P.F. SOGGETTO AGGREGATORE","AGGR"
"21418","21155","001.006.002.003.012","P.F. GESTIONE ATTIVA DEL DEBITO, DEL PATRIMONIO IMMOBILIARE E SUPPORTO AL COORDINAMENTO FINANZIARIO","GAP"
"21427","21140","001.006.002.034","P.F. SEGRETERIA DI GIUNTA ED ENTI LOCALI","SEL"
